BIOCHEMICAL,SUPER.PATHWAY
(12 or 13)-methylmyristate (a15:0 or i15:0),Lipid
(14 or 15)-methylpalmitate (a17:0 or i17:0),Lipid
(16 or 17)-methylstearate (a19:0 or i19:0),Lipid
(2 or 3)-decenoate (10:1n7 or n8),Lipid
(2,4 or 2,5)-dimethylphenol sulfate,Xenobiotics
(2-butoxyethoxy)acetic acid,Xenobiotics
(N(1) + N(8))-acetylspermidine,Amino Acid
(R)-3-hydroxybutyrylcarnitine,Lipid
(S)-3-hydroxybutyrylcarnitine,Lipid
(S)-a-amino-omega-caprolactam,Xenobiotics
1,2,3-benzenetriol sulfate (2),Xenobiotics
1,3,7-trimethylurate,Xenobiotics
1,3-dimethylurate,Xenobiotics
1,5-anhydroglucitol (1,5-AG),Carbohydrate
1,7-dimethylurate,Xenobiotics
1-carboxyethylisoleucine,Amino Acid
1-carboxyethylleucine,Amino Acid
1-carboxyethylphenylalanine,Amino Acid
1-carboxyethyltyrosine,Amino Acid
1-carboxyethylvaline,Amino Acid
1-linoleoyl-GPA (18:2)*,Lipid
1-linoleoyl-GPG (18:2)*,Lipid
1-methyl-4-imidazoleacetate,Amino Acid
1-methyl-5-imidazoleacetate,Amino Acid
1-methylhistidine,Amino Acid
1-methylnicotinamide,Cofactors and Vitamins
1-methylurate,Xenobiotics
1-methylxanthine,Xenobiotics
1-oleoyl-GPG (18:1)*,Lipid
1-palmitoyl-GPG (16:0)*,Lipid
1-ribosyl-imidazoleacetate*,Amino Acid
1-stearoyl-2-arachidonoyl-GPS (18:0/20:4),Lipid
1-stearoyl-2-docosahexaenoyl-GPS (18:0/22:6)*,Lipid
1-stearoyl-GPG (18:0),Lipid
10-heptadecenoate (17:1n7),Lipid
10-hydroxywarfarin,Xenobiotics
10-nonadecenoate (19:1n9),Lipid
10-undecenoate (11:1n1),Lipid
11-ketoetiocholanolone glucuronide,Lipid
11beta-hydroxyandrosterone glucuronide,Lipid
12,13-DiHOME,Lipid
13-HODE + 9-HODE,Lipid
16-hydroxypalmitate,Lipid
16a-hydroxy DHEA 3-sulfate,Lipid
17alpha-hydroxypregnanolone glucuronide,Lipid
1H-indole-7-acetic acid,Xenobiotics
2'-deoxyuridine,Nucleotide
2'-O-methylcytidine,Nucleotide
2'-O-methyluridine,Nucleotide
2,3-dihydroxy-2-methylbutyrate,Amino Acid
2,3-dihydroxy-5-methylthio-4-pentenoate (DMTPA)*,Amino Acid
2,3-dihydroxyisovalerate,Xenobiotics
2,3-dihydroxypyridine,Xenobiotics
2,6-dihydroxybenzoic acid,Xenobiotics
2-acetamidophenol sulfate,Xenobiotics
2-aminoadipate,Amino Acid
2-aminobutyrate,Amino Acid
2-aminoheptanoate,Lipid
2-aminooctanoate,Lipid
2-aminophenol sulfate,Xenobiotics
2-ethylphenylsulfate,Xenobiotics
2-hydroxy-3-methylvalerate,Amino Acid
2-hydroxy-4-(methylthio)butanoic acid,Amino Acid
2-hydroxyacetaminophen sulfate*,Xenobiotics
2-hydroxyarachidate*,Lipid
2-hydroxybutyrate/2-hydroxyisobutyrate,Amino Acid
2-hydroxydecanoate,Lipid
2-hydroxyfluorene sulfate,Xenobiotics
2-hydroxyglutarate,Lipid
2-hydroxyhippurate (salicylurate),Xenobiotics
2-hydroxylaurate,Lipid
2-hydroxyoctanoate,Lipid
2-hydroxypalmitate,Lipid
2-hydroxyphenylacetate,Amino Acid
2-hydroxysebacate,Lipid
2-hydroxystearate,Lipid
2-isopropylmalate,Xenobiotics
2-ketocaprylate,Amino Acid
2-methoxyacetaminophen glucuronide*,Xenobiotics
2-methoxyacetaminophen sulfate*,Xenobiotics
2-methoxyhydroquinone sulfate (1),Xenobiotics
2-methoxyhydroquinone sulfate (2),Xenobiotics
2-methoxyresorcinol sulfate,Xenobiotics
2-methylbutyrylcarnitine (C5),Amino Acid
2-methylcitrate/homocitrate,Energy
2-methylmalonylcarnitine (C4-DC),Lipid
2-methylserine,Amino Acid
2-naphthol sulfate,Xenobiotics
2-O-methylascorbic acid,Cofactors and Vitamins
2-oxindole-3-acetate,Xenobiotics
2-oxoarginine*,Amino Acid
2-piperidinone,Xenobiotics
21-hydroxypregnenolone disulfate,Lipid
2R,3R-dihydroxybutyrate,Lipid
2S,3R-dihydroxybutyrate,Lipid
3,4-dihydroxybutyrate,Lipid
3,5-dichloro-2,6-dihydroxybenzoic acid,Xenobiotics
3,7-dimethylurate,Xenobiotics
3-(3-amino-3-carboxypropyl)uridine*,Nucleotide
3-(3-hydroxyphenyl)propionate,Xenobiotics
3-(3-hydroxyphenyl)propionate sulfate,Xenobiotics
3-(4-hydroxyphenyl)lactate (HPLA),Amino Acid
3-(cystein-S-yl)acetaminophen*,Xenobiotics
3-(methylthio)acetaminophen sulfate*,Xenobiotics
3-(N-acetyl-L-cystein-S-yl) acetaminophen,Xenobiotics
3-acetylphenol sulfate,Xenobiotics
3-amino-2-piperidone,Amino Acid
3-aminoisobutyrate,Nucleotide
3-bromo-5-chloro-2,6-dihydroxybenzoic acid*,Xenobiotics
3-carboxy-4-methyl-5-pentyl-2-furanpropionate (3-CMPFP),Lipid
3-carboxy-4-methyl-5-propyl-2-furanpropanoate (CMPF),Lipid
3-decenoylcarnitine,Lipid
3-ethylcatechol sulfate (1),Xenobiotics
3-ethylcatechol sulfate (2),Xenobiotics
3-formylindole,Xenobiotics
3-hydroxy-2-ethylpropionate,Amino Acid
3-hydroxy-2-methylpyridine sulfate,Xenobiotics
3-hydroxy-3-methylglutarate,Lipid
3-hydroxyadipate*,Lipid
3-hydroxybutyrate (BHBA),Lipid
3-hydroxybutyroylglycine,Lipid
3-hydroxycotinine glucuronide,Xenobiotics
3-hydroxydecanoate,Lipid
3-hydroxydecanoylcarnitine,Lipid
3-hydroxydodecanedioate*,Lipid
3-hydroxyhexanoate,Lipid
3-hydroxyhexanoylcarnitine (1),Lipid
3-hydroxyhippurate,Xenobiotics
3-hydroxyhippurate sulfate,Xenobiotics
3-hydroxyisobutyrate,Amino Acid
3-hydroxylaurate,Lipid
3-hydroxymyristate,Lipid
3-hydroxyoctanoate,Lipid
3-hydroxyoleoylcarnitine,Lipid
3-hydroxypyridine glucuronide,Xenobiotics
3-hydroxypyridine sulfate,Xenobiotics
3-hydroxysebacate,Lipid
3-hydroxystachydrine*,Xenobiotics
3-hydroxystearate,Lipid
3-indoleglyoxylic acid,Xenobiotics
3-indoxyl sulfate,Amino Acid
3-methoxycatechol sulfate (1),Xenobiotics
3-methoxycatechol sulfate (2),Xenobiotics
3-methoxytyramine sulfate,Amino Acid
3-methoxytyrosine,Amino Acid
3-methyl catechol sulfate (1),Xenobiotics
3-methyl catechol sulfate (2),Xenobiotics
3-methyl-2-oxobutyrate,Amino Acid
3-methyl-2-oxovalerate,Amino Acid
3-methyladipate,Lipid
3-methylcytidine,Nucleotide
3-methylglutaconate,Amino Acid
3-methylglutarate/2-methylglutarate,Lipid
3-methylglutarylcarnitine (2),Amino Acid
3-methylhistidine,Amino Acid
3-methylxanthine,Xenobiotics
3-phenylpropionate (hydrocinnamate),Xenobiotics
3-phosphoglycerate,Carbohydrate
3-ureidopropionate,Nucleotide
3beta,7alpha-dihydroxy-5-cholestenoate,Lipid
3beta-hydroxy-5-cholestenoate,Lipid
4-acetamidobutanoate,Amino Acid
4-acetamidophenol,Xenobiotics
4-acetamidophenylglucuronide,Xenobiotics
4-acetaminophen sulfate,Xenobiotics
4-acetylcatechol sulfate (1),Xenobiotics
4-acetylphenyl sulfate,Xenobiotics
4-allylcatechol sulfate,Xenobiotics
4-allylphenol sulfate,Xenobiotics
4-chlorobenzoic acid,Xenobiotics
4-cholesten-3-one,Lipid
4-ethylcatechol sulfate,Xenobiotics
4-ethylphenyl sulfate,Xenobiotics
4-guanidinobutanoate,Amino Acid
4-hydroxy-2-oxoglutaric acid,Lipid
4-hydroxychlorothalonil,Xenobiotics
4-hydroxycoumarin,Xenobiotics
4-hydroxyglutamate,Amino Acid
4-hydroxyhippurate,Xenobiotics
4-hydroxyphenylacetatoylcarnitine,Amino Acid
4-hydroxyphenylacetylglutamine,Peptide
4-hydroxyphenylpyruvate,Amino Acid
4-imidazoleacetate,Amino Acid
4-methoxyphenol sulfate,Amino Acid
4-methyl-2-oxopentanoate,Amino Acid
4-methylcatechol sulfate,Xenobiotics
4-methylguaiacol sulfate,Xenobiotics
4-methylhexanoylglutamine,Lipid
4-methylnonanoylcarnitine,Lipid
4-vinylguaiacol sulfate,Xenobiotics
4-vinylphenol sulfate,Xenobiotics
5,6-dihydrothymine,Nucleotide
5,6-dihydrouracil,Nucleotide
5,6-dihydrouridine,Nucleotide
5-(galactosylhydroxy)-L-lysine,Amino Acid
5-acetylamino-6-amino-3-methyluracil,Xenobiotics
5-acetylamino-6-formylamino-3-methyluracil,Xenobiotics
5-dodecenoate (12:1n7),Lipid
5-dodecenoylcarnitine (C12:1),Lipid
5-hydroxy-2-methylpyridine sulfate,Xenobiotics
5-hydroxyhexanoate,Lipid
5-hydroxylysine,Amino Acid
5-hydroxymethyl-2-furoic acid,Amino Acid
5-hydroxymethyl-2-furoylcarnitine*,Xenobiotics
5-methylthioadenosine (MTA),Amino Acid
5-methyluridine (ribothymidine),Nucleotide
5-oxoproline,Amino Acid
5alpha-androstan-3alpha,17alpha-diol monosulfate,Lipid
5alpha-androstan-3alpha,17beta-diol 17-glucuronide,Lipid
5alpha-androstan-3alpha,17beta-diol disulfate,Lipid
5alpha-androstan-3alpha,17beta-diol monosulfate (1),Lipid
5alpha-androstan-3alpha,17beta-diol monosulfate (2),Lipid
5alpha-androstan-3beta,17alpha-diol disulfate,Lipid
5alpha-androstan-3beta,17beta-diol disulfate,Lipid
5alpha-androstan-3beta,17beta-diol monosulfate (2),Lipid
5alpha-pregnan-3beta,20alpha-diol disulfate,Lipid
5alpha-pregnan-3beta,20alpha-diol monosulfate (2),Lipid
5alpha-pregnan-3beta,20beta-diol monosulfate (1),Lipid
5alpha-pregnan-diol disulfate,Lipid
6-bromotryptophan,Amino Acid
6-hydroxyindole sulfate,Xenobiotics
6-hydroxywarfarin,Xenobiotics
6-oxopiperidine-2-carboxylate,Amino Acid
7-HOCA,Lipid
7-hydroxyindole sulfate,Amino Acid
7-hydroxywarfarin,Xenobiotics
7-methylguanine,Nucleotide
7-methylxanthine,Xenobiotics
8-methoxykynurenate,Amino Acid
9,10-DiHOME,Lipid
9-hydroxystearate,Lipid
abacavir,Xenobiotics
acesulfame,Xenobiotics
acetoacetate,Lipid
acetylcarnitine (C2),Lipid
acisoga,Amino Acid
aconitate [cis or trans],Energy
adenosine 3',5'-cyclic monophosphate (cAMP),Nucleotide
AMP,Nucleotide
adipate,Lipid
adipoylcarnitine (C6-DC),Lipid
adrenate (22:4n6),Lipid
adrenoylcarnitine (C22:4)*,Lipid
alanine,Amino Acid
allantoin,Nucleotide
alliin,Xenobiotics
allo-threonine,Amino Acid
allopurinol,Xenobiotics
allopurinol riboside,Xenobiotics
alpha-hydroxyisocaproate,Amino Acid
alpha-hydroxyisovalerate,Amino Acid
alpha-hydroxymetoprolol,Xenobiotics
alpha-ketobutyrate,Amino Acid
alpha-ketoglutaramate*,Amino Acid
alpha-ketoglutarate,Energy
alpha-tocopherol,Cofactors and Vitamins
andro steroid monosulfate C19H28O6S (1)*,Lipid
androstenediol (3alpha, 17alpha) monosulfate (2),Lipid
androstenediol (3alpha, 17alpha) monosulfate (3),Lipid
androstenediol (3beta,17beta) disulfate (1),Lipid
androstenediol (3beta,17beta) disulfate (2),Lipid
androstenediol (3beta,17beta) monosulfate (1),Lipid
androstenediol (3beta,17beta) monosulfate (2),Lipid
androsterone glucuronide,Lipid
androsterone sulfate,Lipid
anserine,Amino Acid
anthranilate,Amino Acid
arabinose,Carbohydrate
arabitol/xylitol,Carbohydrate
arabonate/xylonate,Carbohydrate
arachidate (20:0),Lipid
arachidonate (20:4n6),Lipid
arachidonoylcarnitine (C20:4),Lipid
arachidonoylcholine,Lipid
arachidoylcarnitine (C20)*,Lipid
argininate*,Amino Acid
arginine,Amino Acid
ascorbic acid 2-sulfate,Cofactors and Vitamins
ascorbic acid 3-sulfate*,Cofactors and Vitamins
asparagine,Amino Acid
aspartate,Amino Acid
atazanavir,Xenobiotics
azelate (C9-DC),Lipid
behenoylcarnitine (C22)*,Lipid
benzoate,Xenobiotics
benzoylcarnitine*,Xenobiotics
beta-alanine,Nucleotide
beta-citrylglutamate,Amino Acid
beta-cryptoxanthin,Cofactors and Vitamins
beta-hydroxyisovalerate,Amino Acid
beta-hydroxyisovaleroylcarnitine,Amino Acid
beta-sitosterol,Lipid
betaine,Amino Acid
bilirubin (E,E)*,Cofactors and Vitamins
bilirubin (E,Z or Z,E)*,Cofactors and Vitamins
bilirubin,Cofactors and Vitamins
biliverdin,Cofactors and Vitamins
branched chain 14:0 dicarboxylic acid,Lipid
branched-chain, straight-chain, or cyclopropyl 10:1 fatty acid (1)*,Partially Characterized Molecules
branched-chain, straight-chain, or cyclopropyl 10:1 fatty acid (2)*,Partially Characterized Molecules
branched-chain, straight-chain, or cyclopropyl 12:1 fatty acid*,Partially Characterized Molecules
butyrate/isobutyrate (4:0),Lipid
butyrylcarnitine (C4),Lipid
butyrylglycine (C4),Lipid
C-glycosyltryptophan,Amino Acid
caffeic acid sulfate,Xenobiotics
caffeine,Xenobiotics
campesterol,Lipid
caprate (10:0),Lipid
caproate (6:0),Lipid
caprylate (8:0),Lipid
carboxyethyl-GABA,Amino Acid
carboxyibuprofen,Xenobiotics
carboxyibuprofen glucuronide*,Xenobiotics
carnitine,Lipid
carotene diol (1),Cofactors and Vitamins
carotene diol (2),Cofactors and Vitamins
carotene diol (3),Cofactors and Vitamins
catechol glucuronide,Amino Acid
catechol sulfate,Xenobiotics
cerotoylcarnitine (C26)*,Lipid
cetirizine,Xenobiotics
chenodeoxycholate,Lipid
chiro-inositol,Lipid
cholate,Lipid
cholesterol,Lipid
choline,Lipid
phosphocholine,Lipid
cinnamoylglycine,Xenobiotics
cis-4-decenoate (10:1n6)*,Lipid
cis-4-decenoylcarnitine (C10:1),Lipid
citalopram N-oxide*,Xenobiotics
citalopram propionate*,Xenobiotics
citalopram/escitalopram,Xenobiotics
citraconate/glutaconate,Energy
citramalate,Amino Acid
citrate,Energy
citrulline,Amino Acid
cobicistat,Xenobiotics
cortisol,Lipid
cortisone,Lipid
cortolone glucuronide (1),Lipid
cotinine,Xenobiotics
cotinine N-oxide,Xenobiotics
creatine,Amino Acid
creatinine,Amino Acid
cys-gly, oxidized,Amino Acid
cystathionine,Amino Acid
cysteine,Amino Acid
cysteine s-sulfate,Amino Acid
cysteine sulfinic acid,Amino Acid
cysteine-glutathione disulfide,Amino Acid
cysteinylglycine,Amino Acid
cysteinylglycine disulfide*,Amino Acid
cystine,Amino Acid
cytidine,Nucleotide
cytosine,Nucleotide
darunavir,Xenobiotics
decadienedioic acid (C10:2-DC),Lipid
decanoylcarnitine (C10),Lipid
dehydroepiandrosterone sulfate (DHEA-S),Lipid
deoxycarnitine,Lipid
deoxycholate,Lipid
deoxycholic acid 12-sulfate*,Lipid
deoxycholic acid glucuronide,Lipid
desmethylcitalopram*,Xenobiotics
didesmethylcitalopram*,Xenobiotics
dihomolinoleate (20:2n6),Lipid
dihomolinolenate (20:3n3 or 3n6),Lipid
dihomo-linolenoyl-choline,Lipid
dihomo-linolenoylcarnitine (C20:3n3 or 6)*,Lipid
dihomo-linoleoylcarnitine (C20:2)*,Lipid
dihydrocaffeate sulfate (2),Xenobiotics
dihydroferulate,Xenobiotics
dihydroferulic acid sulfate,Xenobiotics
dihydroorotate,Nucleotide
dimethyl sulfone,Xenobiotics
dimethylarginine (ADMA + SDMA),Amino Acid
dimethylglycine,Amino Acid
diphenhydramine,Xenobiotics
docosadienoate (22:2n6),Lipid
docosadioate (C22-DC),Lipid
docosahexaenoate (DHA; 22:6n3),Lipid
docosahexaenoylcarnitine (C22:6)*,Lipid
docosahexaenoylcholine,Lipid
docosapentaenoate (DPA; 22:5n3),Lipid
docosapentaenoate (n6 DPA; 22:5n6),Lipid
docosapentaenoylcarnitine (C22:5n3)*,Lipid
docosatrienoate (22:3n3),Lipid
docosatrienoate (22:3n6)*,Lipid
dodecadienoate (12:2)*,Lipid
dodecanedioate (C12),Lipid
dodecenedioate (C12:1-DC)*,Lipid
dolutegravir,Xenobiotics
dopamine 3-O-sulfate,Amino Acid
dopamine 4-sulfate,Amino Acid
doxycycline,Xenobiotics
ectoine,Xenobiotics
EDTA,Xenobiotics
efavirenz,Xenobiotics
eicosanedioate (C20-DC),Lipid
eicosapentaenoate (EPA; 20:5n3),Lipid
eicosapentaenoylcholine,Lipid
eicosenoate (20:1n9 or 1n11),Lipid
eicosenoylcarnitine (C20:1)*,Lipid
elvitegravir,Xenobiotics
emtricitabine,Xenobiotics
epiandrosterone sulfate,Lipid
ergothioneine,Xenobiotics
erucate (22:1n9),Lipid
erucoylcarnitine (C22:1)*,Lipid
erythritol,Xenobiotics
erythronate*,Carbohydrate
ethyl alpha-glucopyranoside,Xenobiotics
ethyl beta-glucopyranoside,Xenobiotics
ethyl glucuronide,Xenobiotics
ethylmalonate,Amino Acid
etiocholanolone glucuronide,Lipid
eugenol sulfate,Xenobiotics
ferulic acid 4-sulfate,Xenobiotics
fexofenadine,Xenobiotics
formiminoglutamate,Amino Acid
fructose,Carbohydrate
fructosyllysine,Amino Acid
fumarate,Energy
furosemide,Xenobiotics
gabapentin,Xenobiotics
galactonate,Carbohydrate
gamma-CEHC,Cofactors and Vitamins
gamma-glutamyl-2-aminobutyrate,Peptide
gamma-glutamyl-alpha-lysine,Peptide
gamma-glutamyl-epsilon-lysine,Peptide
gamma-glutamylcitrulline*,Peptide
gamma-glutamylglutamate,Peptide
gamma-glutamylglutamine,Peptide
gamma-glutamylglycine,Peptide
gamma-glutamylhistidine,Peptide
gamma-glutamylisoleucine*,Peptide
gamma-glutamylleucine,Peptide
gamma-glutamylmethionine,Peptide
gamma-glutamylphenylalanine,Peptide
gamma-glutamylthreonine,Peptide
gamma-glutamyltryptophan,Peptide
gamma-glutamyltyrosine,Peptide
gamma-glutamylvaline,Peptide
gamma-tocopherol/beta-tocopherol,Cofactors and Vitamins
genistein sulfate*,Xenobiotics
gentisate,Amino Acid
GlcNAc sulfate conjugate of C21H34O2 steroid,Partially Characterized Molecules
gluconate,Xenobiotics
glucose,Carbohydrate
glucuronate,Carbohydrate
glucuronide of C10H18O2 (1)*,Partially Characterized Molecules
glucuronide of C10H18O2 (7)*,Partially Characterized Molecules
glucuronide of C10H18O2 (8)*,Partially Characterized Molecules
glucuronide of C12H22O4 (1)*,Partially Characterized Molecules
glucuronide of C12H22O4 (2)*,Partially Characterized Molecules
glucuronide of C14H26O4 (1)*,Partially Characterized Molecules
glucuronide of piperine metabolite C17H21NO3 (3)*,Xenobiotics
glucuronide of piperine metabolite C17H21NO3 (4)*,Xenobiotics
glucuronide of piperine metabolite C17H21NO3 (5)*,Xenobiotics
glutamate,Amino Acid
glutamate, gamma-methyl ester,Amino Acid
glutamine,Amino Acid
glutamine conjugate of C6H10O2 (1)*,Partially Characterized Molecules
glutamine conjugate of C6H10O2 (2)*,Partially Characterized Molecules
glutamine conjugate of C7H12O2*,Partially Characterized Molecules
glutarate (C5-DC),Lipid
glutarylcarnitine (C5-DC),Amino Acid
glycerate,Carbohydrate
glycerol,Lipid
glycerol 3-phosphate,Lipid
glycerophosphoethanolamine,Lipid
glycerophosphorylcholine (GPC),Lipid
glycine,Amino Acid
glycine conjugate of C10H12O2*,Partially Characterized Molecules
glycine conjugate of C10H14O2 (1)*,Partially Characterized Molecules
glyco-beta-muricholate,Lipid
glycochenodeoxycholate,Lipid
glycochenodeoxycholate 3-sulfate,Lipid
glycochenodeoxycholate glucuronide (1),Lipid
glycocholate,Lipid
glycocholenate sulfate*,Lipid
glycodeoxycholate,Lipid
glycodeoxycholate 3-sulfate,Lipid
glycohyocholate,Lipid
glycolithocholate,Lipid
glycolithocholate sulfate*,Lipid
glycoursodeoxycholate,Lipid
glycoursodeoxycholic acid sulfate (1),Lipid
glycylvaline,Peptide
glycyrrhetinate,Xenobiotics
guaiacol sulfate,Xenobiotics
guanidinoacetate,Amino Acid
guanidinosuccinate,Amino Acid
gulonate*,Cofactors and Vitamins
heme,Cofactors and Vitamins
heneicosapentaenoate (21:5n3),Lipid
heptanoate (7:0),Lipid
heptenedioate (C7:1-DC)*,Lipid
hexadecadienoate (16:2n6),Lipid
hexadecanedioate (C16),Lipid
hexadecasphingosine (d16:1)*,Lipid
hexadecenedioate (C16:1-DC)*,Lipid
hexanoylcarnitine (C6),Lipid
hexanoylglutamine,Lipid
hexanoylglycine (C6),Lipid
hippurate,Xenobiotics
histidine,Amino Acid
histidine betaine (hercynine)*,Xenobiotics
homoarginine,Amino Acid
homocitrulline,Amino Acid
homostachydrine*,Xenobiotics
homovanillate (HVA),Amino Acid
hydantoin-5-propionate,Amino Acid
hydrochlorothiazide,Xenobiotics
hydroquinone sulfate,Xenobiotics
hydroxy-CMPF*,Lipid
hydroxy-N6,N6,N6-trimethyllysine*,Amino Acid
hydroxyasparagine,Amino Acid
hydroxycotinine,Xenobiotics
hyocholate,Lipid
hypotaurine,Amino Acid
hypoxanthine,Nucleotide
ibuprofen,Xenobiotics
ibuprofen acyl glucuronide,Xenobiotics
imidazole lactate,Amino Acid
imidazole propionate,Amino Acid
iminodiacetate (IDA),Xenobiotics
indole-3-carboxylate,Amino Acid
indoleacetate,Amino Acid
indoleacetoylcarnitine*,Amino Acid
indoleacetylglutamine,Amino Acid
indolelactate,Amino Acid
indolepropionate,Amino Acid
indolin-2-one,Xenobiotics
isobutyrylcarnitine (C4),Amino Acid
isobutyrylglycine (C4),Amino Acid
isocitric lactone,Energy
isoeugenol sulfate,Xenobiotics
isoleucine,Amino Acid
isoleucylglycine,Peptide
isoursodeoxycholate,Lipid
isovalerate (C5),Amino Acid
isovalerylcarnitine (C5),Amino Acid
isovalerylglycine,Amino Acid
kynurenate,Amino Acid
kynurenine,Amino Acid
L-urobilin,Cofactors and Vitamins
lactate,Carbohydrate
lactobacillic acid,Xenobiotics
lamivudine,Xenobiotics
lamotrigine,Xenobiotics
lanthionine,Amino Acid
laurate (12:0),Lipid
laurylcarnitine (C12),Lipid
leucine,Amino Acid
leucylglycine,Peptide
levetiracetam,Xenobiotics
levulinoylcarnitine,Xenobiotics
lignoceroylcarnitine (C24)*,Lipid
linoleate (18:2n6),Lipid
linolenate (18:3n3 or 3n6),Lipid
linolenoylcarnitine (C18:3)*,Lipid
linoleoylcarnitine (C18:2)*,Lipid
linoleoylcholine*,Lipid
lithocholate sulfate (1),Lipid
lopinavir,Xenobiotics
losartan,Xenobiotics
lysine,Amino Acid
m-tyramine sulfate,Amino Acid
malate,Energy
maleate,Lipid
malonate,Lipid
malonylcarnitine,Lipid
maltol sulfate,Xenobiotics
maltose,Carbohydrate
mannitol/sorbitol,Carbohydrate
mannonate*,Xenobiotics
mannose,Carbohydrate
maraviroc,Xenobiotics
margarate (17:0),Lipid
margaroylcarnitine (C17)*,Lipid
mead acid (20:3n9),Lipid
metabolonic lactone sulfate,Partially Characterized Molecules
metformin,Xenobiotics
methionine,Amino Acid
methionine sulfone,Amino Acid
methionine sulfoxide,Amino Acid
methyl glucopyranoside (alpha + beta),Xenobiotics
methyl indole-3-acetate,Xenobiotics
methyl vanillate sulfate,Xenobiotics
methyl-4-hydroxybenzoate sulfate,Xenobiotics
methylmalonate (MMA),Lipid
methylsuccinate,Amino Acid
methylsuccinoylcarnitine,Amino Acid
metoprolol,Xenobiotics
metoprolol acid metabolite*,Xenobiotics
myo-inositol,Lipid
myristate (14:0),Lipid
myristoleate (14:1n5),Lipid
myristoleoylcarnitine (C14:1)*,Lipid
myristoylcarnitine (C14),Lipid
N,N,N-trimethyl-5-aminovalerate,Amino Acid
N,N,N-trimethyl-alanylproline betaine (TMAP),Amino Acid
N,N-dimethyl-5-aminovalerate,Amino Acid
N,N-dimethylalanine,Amino Acid
N,O-didesmethylvenlafaxine glucuronide,Xenobiotics
N-(2-furoyl)glycine,Xenobiotics
N-acetyl-1-methylhistidine*,Amino Acid
N-acetyl-2-aminooctanoate*,Lipid
N-acetyl-3-methylhistidine*,Amino Acid
N-acetyl-aspartyl-glutamate (NAAG),Amino Acid
N-acetyl-beta-alanine,Nucleotide
N-acetyl-isoputreanine,Amino Acid
N-acetyl-S-allyl-L-cysteine,Xenobiotics
N-acetylalanine,Amino Acid
N-acetylalliin,Xenobiotics
N-acetylarginine,Amino Acid
N-acetylasparagine,Amino Acid
N-acetylaspartate (NAA),Amino Acid
N-acetylcarnosine,Amino Acid
N-acetylcitrulline,Amino Acid
N-acetylglucosamine/N-acetylgalactosamine,Carbohydrate
N-acetylglucosaminylasparagine,Carbohydrate
N-acetylglutamate,Amino Acid
N-acetylglutamine,Amino Acid
N-acetylglycine,Amino Acid
N-acetylhistidine,Amino Acid
N-acetylisoleucine,Amino Acid
N-acetylkynurenine (2),Amino Acid
N-acetylleucine,Amino Acid
N-acetylmethionine,Amino Acid
N-acetylneuraminate,Carbohydrate
N-acetylphenylalanine,Amino Acid
N-acetylproline,Amino Acid
N-acetylputrescine,Amino Acid
N-acetylserine,Amino Acid
N-acetyltaurine,Amino Acid
N-acetyltheanine,Xenobiotics
N-acetylthreonine,Amino Acid
N-acetyltryptophan,Amino Acid
N-acetyltyrosine,Amino Acid
N-acetylvaline,Amino Acid
N-carbamoylalanine,Amino Acid
N-carbamoylaspartate,Nucleotide
N-delta-acetylornithine,Amino Acid
N-desmethyl tramadol,Xenobiotics
N-formylanthranilic acid,Amino Acid
N-formylmethionine,Amino Acid
N-formylphenylalanine,Amino Acid
N-methylhydroxyproline,Amino Acid
N-methylpipecolate,Xenobiotics
N-methylproline,Amino Acid
N-methyltaurine,Amino Acid
N-monomethylarginine,Amino Acid
N-oleoylserine,Lipid
N-oleoyltaurine,Lipid
N-palmitoylglycine,Lipid
N-palmitoylserine,Lipid
N-stearoylserine*,Lipid
N-stearoyltaurine,Lipid
N1-Methyl-2-pyridone-5-carboxamide,Cofactors and Vitamins
N1-Methyl-4-pyridone-3-carboxamide,Cofactors and Vitamins
1-methyladenosine,Nucleotide
N1-methylinosine,Nucleotide
N2,N2-dimethylguanosine,Nucleotide
N2,N5-diacetylornithine,Amino Acid
N2-acetyl,N6,N6-dimethyllysine,Amino Acid
N2-acetyl,N6-methyllysine,Amino Acid
N4-acetylcytidine,Nucleotide
N4-acetylsulfamethoxazole*,Xenobiotics
N6,N6,N6-trimethyllysine,Amino Acid
N6,N6-dimethyllysine,Amino Acid
N6-acetyllysine,Amino Acid
N6-carbamoylthreonyladenosine,Nucleotide
N6-carboxymethyllysine,Carbohydrate
N6-methyladenosine,Nucleotide
N6-methyllysine,Amino Acid
N6-succinyladenosine,Nucleotide
nervonoylcarnitine (C24:1)*,Lipid
nicotinamide,Cofactors and Vitamins
nicotinamide riboside,Cofactors and Vitamins
nisinate (24:6n3),Lipid
nonadecanoate (19:0),Lipid
nonanoylcarnitine (C9),Lipid
norcotinine,Xenobiotics
nornicotine,Xenobiotics
O-acetylhomoserine,Amino Acid
o-cresol sulfate,Xenobiotics
O-desmethyltramadol,Xenobiotics
O-desmethyltramadol glucuronide,Xenobiotics
O-desmethylvenlafaxine,Xenobiotics
O-sulfo-L-tyrosine,Xenobiotics
octadecadienedioate (C18:2-DC)*,Lipid
octadecanedioate (C18),Lipid
octadecanedioylcarnitine (C18-DC)*,Lipid
octadecenedioate (C18:1-DC),Lipid
octadecenedioylcarnitine (C18:1-DC)*,Lipid
octanoylcarnitine (C8),Lipid
oleate/vaccenate (18:1),Lipid
oleoyl ethanolamide,Lipid
oleoylcarnitine (C18:1),Lipid
oleoylcholine,Lipid
omeprazole,Xenobiotics
ornithine,Amino Acid
orotate,Nucleotide
orotidine,Nucleotide
oxalate (ethanedioate),Cofactors and Vitamins
oxypurinol,Xenobiotics
p-cresol glucuronide*,Amino Acid
p-cresol sulfate,Xenobiotics
palmitate (16:0),Lipid
palmitoleate (16:1n7),Lipid
palmitoleoylcarnitine (C16:1)*,Lipid
palmitoloelycholine,Lipid
palmitoyl-sphingosine-phosphoethanolamine (d18:1/16:0),Lipid
palmitoylcarnitine (C16),Lipid
palmitoylcholine,Lipid
pantoate,Cofactors and Vitamins
pantoprazole,Xenobiotics
pantothenate (Vitamin B5),Cofactors and Vitamins
paraxanthine,Xenobiotics
pentadecanoate (15:0),Lipid
pentose acid*,Partially Characterized Molecules
perfluorooctanesulfonate (PFOS),Xenobiotics
perfluorooctanoate (PFOA),Xenobiotics
phenol glucuronide,Amino Acid
phenol sulfate,Amino Acid
phenylacetate,Amino Acid
phenylacetylcarnitine,Peptide
phenylacetylglutamate,Peptide
phenylacetylglutamine,Peptide
phenylacetylglycine,Peptide
phenylalanine,Amino Acid
phenylalanylglycine,Peptide
phenyllactate (PLA),Amino Acid
phenylpyruvate,Amino Acid
phosphate,Energy
phosphoethanolamine (PE),Lipid
picolinate,Amino Acid
picolinoylglycine,Lipid
pimelate (C7-DC),Lipid
pimeloylcarnitine/3-methyladipoylcarnitine (C7-DC),Lipid
pipecolate,Amino Acid
piperine,Xenobiotics
pregnanediol-3-glucuronide,Lipid
pregnen-diol disulfate*,Lipid
pregnenediol sulfate (C21H34O5S)*,Lipid
pregnenetriol disulfate*,Lipid
pregnenetriol sulfate*,Lipid
pregnenolone sulfate,Lipid
prolylhydroxyproline,Amino Acid
proline,Amino Acid
prolylglycine,Peptide
propionylcarnitine (C3),Lipid
propionylglycine (C3),Lipid
propyl 4-hydroxybenzoate sulfate,Xenobiotics
pseudouridine,Nucleotide
pyridoxal,Cofactors and Vitamins
pyridoxate,Cofactors and Vitamins
pyroglutamine*,Amino Acid
pyrraline,Xenobiotics
pyruvate,Carbohydrate
quinate,Xenobiotics
quinolinate,Cofactors and Vitamins
raltegravir,Xenobiotics
retinal,Cofactors and Vitamins
retinol (Vitamin A),Cofactors and Vitamins
ribitol,Carbohydrate
ribonate,Carbohydrate
ribulonate/xylulonate/lyxonate*,Carbohydrate
rilpivirine,Xenobiotics
ritalinic acid,Xenobiotics
ritonavir,Xenobiotics
S-(3-hydroxypropyl)mercapturic acid (HPMA),Xenobiotics
S-1-pyrroline-5-carboxylate,Amino Acid
S-adenosylhomocysteine (SAH),Amino Acid
S-allylcysteine,Xenobiotics
S-methylcysteine,Amino Acid
S-methylcysteine sulfoxide,Amino Acid
S-methylmethionine,Amino Acid
saccharin,Xenobiotics
salicylate,Xenobiotics
salicyluric glucuronide*,Xenobiotics
saquinavir,Xenobiotics
sarcosine,Amino Acid
sebacate (C10-DC),Lipid
serine,Amino Acid
serotonin,Amino Acid
solifenacin,Xenobiotics
spermidine,Amino Acid
spermine,Amino Acid
sphingadienine,Lipid
sphinganine,Lipid
sphinganine-1-phosphate,Lipid
sphingosine,Lipid
sphingosine 1-phosphate,Lipid
stachydrine,Xenobiotics
stearate (18:0),Lipid
stearidonate (18:4n3),Lipid
stearoylcarnitine (C18),Lipid
stearoylcholine*,Lipid
suberate (C8-DC),Lipid
suberoylcarnitine (C8-DC),Lipid
succinate,Energy
succinoyltaurine,Amino Acid
succinylcarnitine (C4-DC),Energy
sucrose,Carbohydrate
sulfamethoxazole,Xenobiotics
sulfate of piperine metabolite C16H19NO3 (2)*,Xenobiotics
sulfate of piperine metabolite C16H19NO3 (3)*,Xenobiotics
sulfate of piperine metabolite C18H21NO3 (1)*,Xenobiotics
sulfate of piperine metabolite C18H21NO3 (3)*,Xenobiotics
sulfate*,Xenobiotics
syringol sulfate,Xenobiotics
tartarate,Xenobiotics
tartronate (hydroxymalonate),Xenobiotics
taurine,Amino Acid
tauro-beta-muricholate,Lipid
taurochenodeoxycholate,Lipid
taurochenodeoxycholic acid 3-sulfate,Lipid
taurocholate,Lipid
taurocholenate sulfate*,Lipid
taurodeoxycholate,Lipid
taurodeoxycholic acid 3-sulfate,Lipid
taurohyocholate*,Lipid
taurolithocholate 3-sulfate,Lipid
testosterone sulfate,Lipid
tetradecadienedioate (C14:2-DC)*,Lipid
tetradecadienoate (14:2)*,Lipid
tetradecanedioate (C14),Lipid
THC carboxylic acid,Xenobiotics
THC carboxylic acid glucuronide,Xenobiotics
theanine,Xenobiotics
theobromine,Xenobiotics
theophylline,Xenobiotics
thioproline,Xenobiotics
threonate,Cofactors and Vitamins
threonine,Amino Acid
thymol sulfate,Xenobiotics
thyroxine,Amino Acid
tiglyl carnitine (C5),Amino Acid
tramadol,Xenobiotics
trans-2-hexenoylglycine,Lipid
trans-3,4-methyleneheptanoate,Xenobiotics
hydroxyproline,Amino Acid
trans-urocanate,Amino Acid
tridecenedioate (C13:1-DC)*,Lipid
trigonelline (N'-methylnicotinate),Cofactors and Vitamins
trimethylamine N-oxide,Lipid
tryptophan,Amino Acid
tryptophan betaine,Amino Acid
tyramine O-sulfate,Amino Acid
tyrosine,Amino Acid
umbelliferone sulfate,Xenobiotics
undecanedioate (C11-DC),Lipid
undecenoylcarnitine (C11:1),Lipid
uracil,Nucleotide
urate,Nucleotide
urea,Amino Acid
uridine,Nucleotide
ursodeoxycholate,Lipid
valine,Amino Acid
valylleucine,Peptide
vanillactate,Amino Acid
vanillic acid glycine,Xenobiotics
vanillic alcohol sulfate,Amino Acid
vanillylmandelate (VMA),Amino Acid
venlafaxine,Xenobiotics
warfarin,Xenobiotics
xanthine,Nucleotide
xanthosine,Nucleotide
xanthurenate,Amino Acid
ximenoylcarnitine (C26:1)*,Lipid
xylose,Carbohydrate
zolpidem,Xenobiotics
X - 07765,
X - 10458,
X - 11261 - retired for cis-3,4-methyleneheptanoyl carnitine,
X - 11299,
X - 11308,
X - 11315,
X - 11381,
X - 11441,
X - 11442,
X - 11444,
X - 11470,
X - 11478,
X - 11483,
X - 11522,
X - 11530,
X - 11632,
X - 11787,
X - 11795,
X - 11843,
X - 11847,
X - 11849,
X - 11850,
X - 11852,
X - 11858,
X - 11880,
X - 11979,
X - 12007,
X - 12013,
X - 12015,
X - 12026,
X - 12100,
X - 12101,
X - 12104,
X - 12111,
X - 12112,
X - 12117,
X - 12126,
X - 12127,
X - 12193,
X - 12216,
X - 12221,
X - 12261,
X - 12283,
X - 12306,
X - 12407,
X - 12410,
X - 12411,
X - 12462,
X - 12524 - retired for 2,4-di-tert-butylphenol,
X - 12544,
X - 12680,
X - 12701,
X - 12707,
X - 12714,
X - 12718,
X - 12726,
X - 12729,
X - 12730,
X - 12731,
X - 12738,
X - 12740,
X - 12798,
X - 12812,
X - 12816,
X - 12818,
X - 12822,
X - 12844,
X - 12847,
X - 12849,
X - 12906,
X - 13431,
X - 13507,
X - 13553,
X - 13684,
X - 13695,
X - 13723,
X - 13728,
X - 13729,
X - 13835,
X - 13844,
X - 13846,
X - 13866,
X - 14056,
X - 14082,
X - 14939,
X - 15220,
X - 15461,
X - 15469 - retired for 3-hydroxyoctanoylcarnitine (1),
X - 15486,
X - 15492,
X - 15503,
X - 15666,
X - 15674,
X - 15728,
X - 16087,
X - 16124,
X - 16397,
X - 16570 - retired for cis-3,4-methyleneheptanoyl glycine,
X - 16576,
X - 16580,
X - 16935,
X - 16938,
X - 16944 - retired for cis-3,4-methyleneheptanoic acid,
X - 16946,
X - 16964,
X - 17010,
X - 17162,
X - 17185,
X - 17301,
X - 17325,
X - 17328,
X - 17335,
X - 17340,
X - 17343,
X - 17346,
X - 17351,
X - 17353,
X - 17354,
X - 17357,
X - 17361,
X - 17367,
X - 17438,
X - 17612,
X - 17653,
X - 17654,
X - 17655,
X - 17676,
X - 17685,
X - 17686,
X - 17690,
X - 17692,
X - 18240,
X - 18345,
X - 18779,
X - 18886,
X - 18887,
X - 18888,
X - 18901,
X - 18913,
X - 18921,
X - 18922,
X - 19141,
X - 19183,
X - 19438,
X - 21258,
X - 21285,
X - 21286,
X - 21310,
X - 21312,
X - 21319,
X - 21339,
X - 21342,
X - 21353,
X - 21364,
X - 21383,
X - 21410,
X - 21441,
X - 21442,
X - 21448,
X - 21467,
X - 21470,
X - 21471,
X - 21607,
X - 21733,
X - 21736,
X - 21740,
X - 21742,
X - 21752,
X - 21796,
X - 21803,
X - 21807,
X - 21815,
X - 21821,
X - 21829,
X - 21830,
X - 21834,
X - 21842,
X - 21959,
X - 22162,
X - 22508,
X - 22509,
X - 22519 - retired for 3-hydroxyoctanoylcarnitine (2),
X - 22771,
X - 22776,
X - 23276,
X - 23587,
X - 23590 - retired for N-acetyl-L-2-aminoadipic acid,
X - 23593,
X - 23636,
X - 23639,
X - 23641,
X - 23644,
X - 23648,
X - 23655,
X - 23659,
X - 23662,
X - 23665,
X - 23666,
X - 23678,
X - 23680,
X - 23739,
X - 23780,
X - 23782,
X - 23890,
X - 23974,
X - 23997,
X - 24241,
X - 24295,
X - 24306,
X - 24307,
X - 24328,
X - 24334,
X - 24337,
X - 24344,
X - 24411,
X - 24422,
X - 24455,
X - 24456,
X - 24462,
X - 24473,
X - 24475,
X - 24494,
X - 24518,
X - 24541,
X - 24544,
X - 24546,
X - 24549,
X - 24556,
X - 24565,
X - 24571,
X - 24585,
X - 24588,
X - 24699,
X - 24728,
X - 24736,
X - 24757,
X - 24762,
X - 24811,
X - 24812,
X - 24849,
X - 24947,
X - 24949,
X - 24951,
X - 24970,
X - 25172,
X - 25265,
X - 25267,
X - 25271,
X - 25279,
X - 25343,
X - 25371,
X - 25417,
X - 25419,
X - 25420,
X - 25422,
X - 25433,
X - 25468,
X - 25503,
X - 25519,
X - 25520,
X - 25617,
X - 25790,
X - 25810,
X - 25828,
X - 25948,
X - 25957,
