BIOCHEMICAL,KEGG,                                      Group HMDB
phosphate,C00009,HMDB01429
AMP,C00020,HMDB00045
S-adenosylhomocysteine (SAH),C00021,HMDB00939
pyruvate,C00022,HMDB00243
glutamate,C00025,HMDB00148
alpha-ketoglutarate,C00026,HMDB00208
glucose,C00031,HMDB00122
heme,C00032,HMDB03178
glycine,C00037,HMDB00123
alanine,C00041,HMDB00161
succinate,C00042,HMDB00254
lysine,C00047,HMDB00182
aspartate,C00049,HMDB00191
sulfate*,C00059,HMDB01448
arginine,C00062,HMDB00517
glutamine,C00064,HMDB00641
serine,C00065,HMDB00187
methionine,C00073,HMDB00696
ornithine,C00077,HMDB03374
tryptophan,C00078,HMDB00929
phenylalanine,C00079,HMDB00159
tyrosine,C00082,HMDB00158
urea,C00086,HMDB00294
sucrose,C00089,HMDB00258
glycerol 3-phosphate,C00093,HMDB00126
fructose,C00095,HMDB00660
cysteine,C00097,HMDB00574
beta-alanine,C00099,HMDB00056
uracil,C00106,HMDB00300
anthranilate,C00108,HMDB01123
alpha-ketobutyrate,C00109,HMDB00005
choline,C00114,HMDB00097
glycerol,C00116,HMDB00131
fumarate,C00122,HMDB00134
histidine,C00135,HMDB00177
myo-inositol,C00137,HMDB00211
3-methyl-2-oxobutyrate,C00141,HMDB00019
proline,C00148,HMDB00162
malate,C00149,HMDB00156
asparagine,C00152,HMDB00168
nicotinamide,C00153,HMDB01406
citrate,C00158,HMDB00094
mannose,C00159,HMDB00169
acetoacetate,C00164,HMDB00060
phenylpyruvate,C00166,HMDB00205
5-methylthioadenosine (MTA),C00170,HMDB01173
benzoate,C00180,HMDB01870
xylose,C00181,HMDB00098
valine,C00183,HMDB00883
lactate,C00186,HMDB00190
cholesterol,C00187,HMDB00067
threonine,C00188,HMDB00167
glucuronate,C00191,HMDB00127
maltose,C00208,HMDB00163
oxalate (ethanedioate),C00209,HMDB02329
sarcosine,C00213,HMDB00271
arabinose,C00216,HMDB00646
arachidonate (20:4n6),C00219,HMDB01043
4-methyl-2-oxopentanoate,C00233,HMDB00695
taurine,C00245,HMDB00251
butyrate/isobutyrate (4:0),C00246,HMDB00039
palmitate (16:0),C00249,HMDB00220
pyridoxal,C00250,HMDB01545
gluconate,C00257,HMDB00625
gulonate*,C00257,HMDB03290
glycerate,C00258,HMDB00139
hypoxanthine,C00262,HMDB00157
N-acetylneuraminate,C00270,HMDB00230
EDTA,C00284,HMDB15109
orotate,C00295,HMDB00226
quinate,C00296,HMDB03072
uridine,C00299,HMDB00296
creatine,C00300,HMDB00064
spermidine,C00315,HMDB01257
carnitine,C00318,HMDB00062
sphingosine,C00319,HMDB00252
citrulline,C00327,HMDB00904
kynurenine,C00328,HMDB00684
dihydroorotate,C00337,HMDB03349
phosphoethanolamine (PE),C00346,HMDB00224
urate,C00366,HMDB00289
retinal,C00376,HMDB01358
cytosine,C00380,HMDB00630
malonate,C00383,HMDB00691
xanthine,C00385,HMDB00292
isoleucine,C00407,HMDB00172
pipecolate,C00408,HMDB00070
"5,6-dihydrouracil",C00429,HMDB00076
N-carbamoylaspartate,C00438,HMDB00828
formiminoglutamate,C00439,HMDB00854
retinol (Vitamin A),C00473,HMDB00305
ribitol,C00474,HMDB00508
cytidine,C00475,HMDB00089
bilirubin,C00486,HMDB00054
glutarate (C5-DC),C00489,HMDB00661
cystine,C00491,HMDB00192
biliverdin,C00500,HMDB01008
erythritol,C00503,HMDB02994
hypotaurine,C00519,HMDB00965
pantoate,C00522,
2'-deoxyuridine,C00526,HMDB00012
hydroquinone sulfate,C00530,HMDB02434
"adenosine 3',5'-cyclic monophosphate (cAMP)",C00575,HMDB00058
guanidinoacetate,C00581,HMDB00128
phosphocholine,C00588,HMDB01565
3-phosphoglycerate,C00597,HMDB00807
4-cholesten-3-one,C00599,HMDB00921
cysteine sulfinic acid,C00606,HMDB00996
N-acetylglutamate,C00624,HMDB01138
gentisate,C00628,HMDB00152
glycerophosphorylcholine (GPC),C00670,HMDB00086
3-methyl-2-oxovalerate,C00671,HMDB03736
cholate,C00695,HMDB00619
betaine,C00719,HMDB00043
cortisol,C00735,HMDB00063
spermine,C00750,HMDB01256
cortisone,C00762,HMDB02802
serotonin,C00780,HMDB00259
trans-urocanate,C00785,HMDB00301
creatinine,C00791,HMDB00562
mannitol/sorbitol,C00794,HMDB00247
salicylate,C00805,HMDB01895
citramalate,C00815,HMDB00426
sphinganine,C00836,HMDB00269
pyridoxate,C00847,HMDB00017
pantothenate (Vitamin B5),C00864,HMDB00210
galactonate,C00880,HMDB00565
tartarate,C00898,HMDB00956
"5,6-dihydrothymine",C00906,HMDB00079
indoleacetate,C00954,HMDB00197
2-aminoadipate,C00956,HMDB00510
trigonelline (N'-methylnicotinate),C01004,HMDB00875
dimethylglycine,C01026,HMDB00092
4-guanidinobutanoate,C01035,HMDB03464
N-acetylaspartate (NAA),C01042,HMDB00812
theanine,C01047,HMDB34365
N-acetyl-beta-alanine,C01073,
O-acetylhomoserine,C01077,
3-hydroxybutyrate (BHBA),C01089,HMDB00357
trimethylamine N-oxide,C01104,HMDB00925
4-hydroxy-2-oxoglutaric acid,C01127,HMDB02070
1-methylhistidine,C01152,HMDB00001
3-methylhistidine,C01152,HMDB00479
hydroxyproline,C01157,HMDB00725
4-hydroxyphenylpyruvate,C01179,HMDB00707
deoxycarnitine,C01181,HMDB01161
glycerophosphoethanolamine,C01233,HMDB00114
anserine,C01262,HMDB00194
maleate,C01384,HMDB00176
cysteinylglycine,C01419,HMDB00078
stearate (18:0),C01530,HMDB00827
warfarin,C01541,HMDB01935
caprate (10:0),C01571,HMDB00511
caproate (6:0),C01585,HMDB00535
hippurate,C01586,HMDB00714
linoleate (18:2n6),C01595,HMDB00673
threonate,C01620,HMDB00943
ribonate,C01685,HMDB00867
kynurenate,C01717,HMDB00715
beta-sitosterol,C01753,HMDB00852
xanthosine,C01762,HMDB00299
campesterol,C01789,HMDB02869
thyroxine,C01829,HMDB01918
5-oxoproline,C01879,HMDB00267
glycocholate,C01921,HMDB00138
homoarginine,C01924,HMDB00670
indolelactate,C02043,HMDB00671
pseudouridine,C02067,HMDB00767
2-methylserine,C02115,
methylmalonate (MMA),C02170,HMDB00202
phenol sulfate,C02180,HMDB60015
7-methylguanine,C02242,HMDB00897
2-aminobutyrate,C02261,HMDB00650
glycyrrhetinate,C02283,HMDB11628
tartronate (hydroxymalonate),C02287,HMDB35227
cystathionine,C02291,HMDB00099
allantoin,C02350,HMDB00462
homocitrulline,C02427,HMDB00679
xanthurenate,C02470,HMDB00881
alpha-tocopherol,C02477,HMDB01893
1-methyladenosine,C02494,HMDB03331
2-isopropylmalate,C02504,HMDB00402
chenodeoxycholate,C02528,HMDB00518
N-acetylarginine,C02562,HMDB04620
acetylcarnitine (C2),C02571,HMDB00201
2-hydroxyglutarate,C02630,HMDB0059655
3-ureidopropionate,C02642,HMDB00026
pimelate (C7-DC),C02656,HMDB00857
dodecanedioate (C12),C02678,HMDB00623
laurate (12:0),C02679,HMDB00638
N-acetylleucine,C02710,HMDB11756
N-acetylmethionine,C02712,HMDB11745
N-acetylputrescine,C02714,HMDB02064
N-acetylglutamine,C02716,HMDB06029
N6-acetyllysine,C02727,HMDB00206
N6-methyllysine,C02728,HMDB02038
4-imidazoleacetate,C02835,HMDB02024
octanoylcarnitine (C8),C02838,HMDB00791
N-acetylalanine,C02847,HMDB00766
butyrylcarnitine (C4),C02862,HMDB02013
1-methylnicotinamide,C02918,HMDB00699
4-acetamidobutanoate,C02946,HMDB03681
methionine sulfoxide,C02989,HMDB02005
palmitoylcarnitine (C16),C02990,HMDB00222
N-acetylhistidine,C02997,HMDB32055
propionylcarnitine (C3),C03017,HMDB00824
2-hydroxystearate,C03045,
4-hydroxyglutamate,C03079,HMDB01344
hydroxyasparagine,C03124,HMDB32332
N-acetyltryptophan,C03137,HMDB13713
guanidinosuccinate,C03139,HMDB03157
N-formylmethionine,C03145,HMDB01015
nicotinamide riboside,C03150,HMDB00855
dihomolinolenate (20:3n3 or 3n6),C03242,HMDB02925
alpha-hydroxyisocaproate,C03264,HMDB00746
N-acetylphenylalanine,C03519,HMDB00512
dimethylarginine (ADMA + SDMA),C03626,HMDB01539
taurolithocholate 3-sulfate,C03642,HMDB02580
3-(4-hydroxyphenyl)lactate (HPLA),C03672,HMDB00755
quinolinate,C03722,HMDB00232
3-hydroxy-3-methylglutarate,C03761,HMDB00355
2-oxoarginine*,C03771,HMDB04225
"N6,N6,N6-trimethyllysine",C03793,HMDB01325
piperine,C03882,HMDB29377
N-monomethylarginine,C03884,HMDB29416
"2,3-dihydroxyisovalerate",C04039,HMDB12141
phenylacetylglutamine,C04148,HMDB06344
"androstenediol (3beta,17beta) disulfate (1)",C04295,HMDB03818
S-1-pyrroline-5-carboxylate,C04322,HMDB01301
deoxycholate,C04483,HMDB00626
N-acetylglucosaminylasparagine,C04540,HMDB00489
dehydroepiandrosterone sulfate (DHEA-S),C04555,HMDB01032
taurocholate,C05122,HMDB00036
1-ribosyl-imidazoleacetate*,C05131,HMDB02331
3-aminoisobutyrate,C05145,HMDB03911
gamma-glutamylglutamate,C05282,HMDB11737
gamma-glutamylglutamine,C05283,HMDB11738
S-methylmethionine,C05319,HMDB38670
(S)-a-amino-omega-caprolactam,C05328,
taurodeoxycholate,C05463,HMDB00896
glycodeoxycholate,C05464,HMDB00631
taurochenodeoxycholate,C05465,HMDB00951
glycochenodeoxycholate,C05466,HMDB00637
allo-threonine,C05519,HMDB04041
"N6,N6-dimethyllysine",C05545,HMDB13287
hydantoin-5-propionate,C05565,HMDB01212
imidazole lactate,C05568,HMDB02320
ergothioneine,C05570,HMDB03045
homovanillate (HVA),C05582,HMDB00118
vanillylmandelate (VMA),C05584,HMDB00291
phenylacetylglycine,C05598,HMDB00821
phenyllactate (PLA),C05607,HMDB00779
4-vinylphenol sulfate,C05627,HMDB62775
3-phenylpropionate (hydrocinnamate),C05629,HMDB00764
N-formylanthranilic acid,C05653,HMDB04089
L-urobilin,C05793,HMDB04159
cysteine s-sulfate,C05824,HMDB00731
1-methyl-4-imidazoleacetate,C05828,HMDB02820
8-methoxykynurenate,C05830,HMDB60426
N1-Methyl-2-pyridone-5-carboxamide,C05842,HMDB04193
N1-Methyl-4-pyridone-3-carboxamide,C05843,HMDB04194
2-hydroxyphenylacetate,C05852,HMDB00669
3-hydroxyisobutyrate,C06001,HMDB00336
adipate,C06104,HMDB00448
sphingosine 1-phosphate,C06124,HMDB00277
ectoine,C06231,
caprylate (8:0),C06423,HMDB00482
myristate (14:0),C06424,HMDB00806
arachidate (20:0),C06425,HMDB02212
linolenate (18:3n3 or 3n6),C06426,HMDB03073
eicosapentaenoate (EPA; 20:5n3),C06428,HMDB01999
docosahexaenoate (DHA; 22:6n3),C06429,HMDB02183
4-acetamidophenol,C06804,HMDB01859
4-acetaminophen sulfate,C06804,HMDB59911
diphenhydramine,C06960,HMDB01927
fexofenadine,C06999,HMDB05030
hydrochlorothiazide,C07041,HMDB01928
phenylacetate,C07086,HMDB00209
theophylline,C07130,HMDB01889
metformin,C07151,HMDB01921
tramadol,C07153,HMDB14339
venlafaxine,C07187,HMDB05016
omeprazole,C07324,HMDB01913
"1,5-anhydroglucitol (1,5-AG)",C07326,HMDB02712
theobromine,C07480,HMDB02825
caffeine,C07481,HMDB01847
2-hydroxyhippurate (salicylurate),C07588,HMDB00840
cetirizine,C07778,HMDB05032
ursodeoxycholate,C07880,HMDB00946
azelate (C9-DC),C08261,HMDB00784
isovalerate (C5),C08262,HMDB00718
alliin,C08265,HMDB33592
sebacate (C10-DC),C08277,HMDB00792
suberate (C8-DC),C08278,HMDB00893
homostachydrine*,C08283,HMDB33433
erucate (22:1n9),C08316,HMDB02068
myristoleate (14:1n5),C08322,HMDB02000
palmitoleate (16:1n7),C08362,HMDB03229
3-formylindole,C08493,HMDB29737
tryptophan betaine,C09213,HMDB61115
thymol sulfate,C09908,HMDB01878
picolinate,C10164,HMDB02243
stachydrine,C10172,HMDB04827
androsterone glucuronide,C11135,HMDB02829
dimethyl sulfone,C11142,HMDB04983
glycolithocholate sulfate*,C11301,HMDB02639
3-(3-hydroxyphenyl)propionate,C11457,HMDB00375
pantoprazole,C11806,HMDB05017
N-acetyl-aspartyl-glutamate (NAAG),C12270,HMDB01067
indolin-2-one,C12312,
"5alpha-androstan-3beta,17beta-diol disulfate",C12525,HMDB00493
N4-acetylsulfamethoxazole*,"C13061,D01601",HMDB13854
4-ethylphenyl sulfate,C13637,HMDB62551
dopamine 3-O-sulfate,C13690,HMDB06275
dopamine 4-sulfate,C13691,HMDB04148
paraxanthine,C13747,HMDB01860
10-undecenoate (11:1n1),C13910,HMDB33724
"9,10-DiHOME",C14828,HMDB04704
"12,13-DiHOME",C14829,HMDB04705
N-acetylcitrulline,C15532,HMDB00856
glycolithocholate,C15557,HMDB00698
stearidonate (18:4n3),C16300,HMDB06547
7-methylxanthine,C16353,HMDB01991
"1,7-dimethylurate",C16356,HMDB11103
3-methylxanthine,C16357,HMDB01886
1-methylxanthine,C16358,HMDB10738
1-methylurate,C16359,HMDB03099
"3,7-dimethylurate",C16360,HMDB01982
"1,3,7-trimethylurate",C16361,HMDB02123
5-acetylamino-6-formylamino-3-methyluracil,C16365,HMDB11105
5-acetylamino-6-amino-3-methyluracil,C16366,HMDB04400
docosapentaenoate (n6 DPA; 22:5n6),C16513,HMDB01976
docosapentaenoate (DPA; 22:5n3),C16513,HMDB06528
dihomolinoleate (20:2n6),C16525,HMDB05060
eicosenoate (20:1n9 or 1n11),C16526,HMDB02231
adrenate (22:4n6),C16527,HMDB02226
docosadienoate (22:2n6),C16533,HMDB61714
docosatrienoate (22:3n3),C16534,HMDB02823
nonadecanoate (19:0),C16535,HMDB00772
pentadecanoate (15:0),C16537,HMDB00826
citalopram N-oxide*,C16607,HMDB60654
desmethylcitalopram*,C16608,"HMDB14021,HMDB60576"
citalopram propionate*,C16610,HMDB60463
5-hydroxylysine,C16741,HMDB00450
3beta-hydroxy-5-cholestenoate,C17333,
"3beta,7alpha-dihydroxy-5-cholestenoate",C17335,
7-HOCA,C17337,HMDB12458
hyocholate,C17649,HMDB00760
isoursodeoxycholate,C17662,HMDB00686
heptanoate (7:0),C17714,HMDB00666
perfluorooctanesulfonate (PFOS),C18142,HMDB59586
16-hydroxypalmitate,C18218,HMDB06294
hexadecanedioate (C16),C19615,HMDB00672
docosadioate (C22-DC),C19625,
indole-3-carboxylate,C19837,HMDB03320
chiro-inositol,C19891,HMDB34220
iminodiacetate (IDA),C19911,HMDB11753
4-hydroxycoumarin,C20414,
5-hydroxymethyl-2-furoic acid,C20448,HMDB02432
beta-citrylglutamate,C20775,
ibuprofen,D00126,HMDB01925
sulfamethoxazole,"D00285,C07315,D00447",HMDB15150
furosemide,D00331,HMDB01933
gabapentin,D00332,HMDB05015
lamivudine,D00353,HMDB14847
lamotrigine,D00354,"HMDB14695,HMDB05043"
ritonavir,D00427,HMDB14646
saquinavir,D00429,HMDB0015362
levetiracetam,"D00709,C07841",
efavirenz,D00896,HMDB14763
saccharin,D01085,HMDB29723
emtricitabine,D01199,HMDB15017
lopinavir,D01425,HMDB15539
metoprolol,D02358,HMDB01932
oxypurinol,D02365,HMDB00786
darunavir,D03656,HMDB15393
maraviroc,D06670,HMDB0015584
raltegravir,D06676,
elvitegravir,D06677,
abacavir,D07057,HMDB15182
atazanavir,D07471,HMDB15205
O-desmethylvenlafaxine,D07793,HMDB60532
citalopram/escitalopram,D07913,HMDB05028
rilpivirine,D09720,HMDB61725
cobicistat,D09881,
dolutegravir,D10066,
2-hydroxy-3-methylvalerate,,HMDB00317
3-amino-2-piperidone,,HMDB00323
3-hydroxyadipate*,,HMDB00345
3-hydroxysebacate,,HMDB00350
2-methylbutyrylcarnitine (C5),,HMDB00378
3-hydroxylaurate,,HMDB00387
3-hydroxy-2-ethylpropionate,,HMDB00396
alpha-hydroxyisovalerate,,HMDB00407
3-hydroxydodecanedioate*,,HMDB00413
2-hydroxysebacate,,HMDB00424
N-(2-furoyl)glycine,,HMDB00439
hexadecadienoate (16:2n6),,HMDB00477
"bilirubin (E,Z or Z,E)*",,HMDB00488
"2R,3R-dihydroxybutyrate",,HMDB00498
3-methylglutaconate,,HMDB00522
5-hydroxyhexanoate,,HMDB00525
5-dodecenoate (12:1n7),,HMDB00529
N-acetylglycine,,HMDB00532
3-methylglutarylcarnitine (2),,HMDB00552
3-methyladipate,,HMDB00555
tetradecadienoate (14:2)*,,HMDB00560
gamma-glutamylphenylalanine,,HMDB00594
erythronate*,,HMDB00613
ethylmalonate,,HMDB00622
decanoylcarnitine (C10),,HMDB00651
cysteine-glutathione disulfide,,HMDB00656
isovalerylglycine,,HMDB00678
3-indoxyl sulfate,,HMDB00682
isovalerylcarnitine (C5),,HMDB00688
hexanoylglycine (C6),,HMDB00701
hexanoylcarnitine (C6),,HMDB00705
glycoursodeoxycholate,,HMDB00708
cysteinylglycine disulfide*,,HMDB00709
isobutyrylglycine (C4),,HMDB00730
isobutyrylcarnitine (C4),,HMDB00736
beta-hydroxyisovalerate,,HMDB00754
pregnenolone sulfate,,HMDB00774
octadecanedioate (C18),,HMDB00782
propionylglycine (C3),,HMDB00783
orotidine,,HMDB00788
butyrylglycine (C4),,HMDB00808
stearoylcarnitine (C18),,HMDB00848
N-acetyltyrosine,,HMDB00866
tetradecanedioate (C14),,HMDB00872
5-methyluridine (ribothymidine),,HMDB00884
undecanedioate (C11-DC),,HMDB00888
N6-succinyladenosine,,HMDB00912
vanillactate,,HMDB00913
tauro-beta-muricholate,,HMDB00932
2-aminooctanoate,,HMDB00991
cotinine,,HMDB01046
3-hydroxycotinine glucuronide,,HMDB01204
norcotinine,,HMDB01297
sphinganine-1-phosphate,,HMDB01383
hydroxycotinine,,HMDB01390
cotinine N-oxide,,HMDB01411
3-methoxytyrosine,,HMDB01434
methylsuccinate,,HMDB01844
"1,3-dimethylurate",,HMDB01857
gamma-CEHC,,HMDB01931
3-hydroxyoctanoate,,HMDB01954
nisinate (24:6n3),,HMDB02007
oleoyl ethanolamide,,HMDB02088
malonylcarnitine,,HMDB02095
S-methylcysteine,,HMDB02108
carboxyethyl-GABA,,HMDB02201
3-hydroxydecanoate,,HMDB02203
laurylcarnitine (C12),,HMDB02250
margarate (17:0),,HMDB02259
2-hydroxyoctanoate,,HMDB02264
imidazole propionate,,HMDB02271
indolepropionate,,HMDB02302
tiglyl carnitine (C5),,HMDB02366
"2S,3R-dihydroxybutyrate",,HMDB02453
taurochenodeoxycholic acid 3-sulfate,,HMDB02486
N1-methylinosine,,HMDB02721
androsterone sulfate,,HMDB02759
testosterone sulfate,,HMDB02833
N-acetylserine,,HMDB02931
argininate*,,HMDB03148
"androstenediol (3beta,17beta) monosulfate (1)",,HMDB03818
gamma-glutamyl-epsilon-lysine,,HMDB03869
N6-methyladenosine,,HMDB04044
etiocholanolone glucuronide,,HMDB04484
"N2,N2-dimethylguanosine",,HMDB04824
1-methyl-5-imidazoleacetate,,HMDB04988
oleoylcarnitine (C18:1),,HMDB05065
myristoylcarnitine (C14),,HMDB05066
N4-acetylcytidine,,HMDB05923
N-acetylasparagine,,HMDB06028
3-hydroxyhippurate,,HMDB06116
margaroylcarnitine (C17)*,,HMDB06210
cerotoylcarnitine (C26)*,,HMDB06347
tyramine O-sulfate,,HMDB06409
arachidoylcarnitine (C20)*,,HMDB06460
linoleoylcarnitine (C18:2)*,,HMDB06469
prolylhydroxyproline,,HMDB06695
1-linoleoyl-GPA (18:2)*,,HMDB07856
4-acetamidophenylglucuronide,,HMDB10316
pregnanediol-3-glucuronide,,HMDB10318
ethyl glucuronide,,HMDB10325
mead acid (20:3n9),,HMDB10378
gamma-glutamylisoleucine*,,HMDB11170
gamma-glutamylleucine,,HMDB11171
gamma-glutamylvaline,,HMDB11172
prolylglycine,,HMDB11178
cinnamoylglycine,,HMDB11621
p-cresol sulfate,,HMDB11635
gamma-glutamylglycine,,HMDB11667
p-cresol glucuronide*,,HMDB11686
gamma-glutamyltyrosine,,HMDB11741
2-piperidinone,,HMDB11749
N-acetylvaline,,HMDB11757
1-stearoyl-2-arachidonoyl-GPS (18:0/20:4),,HMDB12383
N-acetylcarnosine,,HMDB12881
N-palmitoylglycine,,HMDB13034
(R)-3-hydroxybutyrylcarnitine,,HMDB13127
glutarylcarnitine (C5-DC),,HMDB13130
2-methylmalonylcarnitine (C4-DC),,HMDB13133
2-ketocaprylate,,HMDB13211
indoleacetylglutamine,,HMDB13240
nonanoylcarnitine (C9),,HMDB13288
5-dodecenoylcarnitine (C12:1),,HMDB13326
10-nonadecenoate (19:1n9),,HMDB13622
"2,6-dihydroxybenzoic acid",,HMDB13676
4-hydroxyhippurate,,HMDB13678
glycylvaline,,HMDB28854
isoleucylglycine,,HMDB28907
leucylglycine,,HMDB28929
phenylalanylglycine,,HMDB28995
valylleucine,,HMDB29131
gamma-glutamylmethionine,,HMDB29155
gamma-glutamylthreonine,,HMDB29159
gamma-glutamyltryptophan,,HMDB29160
ferulic acid 4-sulfate,,HMDB29200
S-methylcysteine sulfoxide,,HMDB29432
"2,3-dihydroxy-2-methylbutyrate",,HMDB29576
methyl indole-3-acetate,,HMDB29738
2-hydroxypalmitate,,HMDB31057
pyrraline,,HMDB33143
acesulfame,,HMDB33585
beta-cryptoxanthin,,HMDB33844
S-allylcysteine,,HMDB34323
2-oxindole-3-acetate,,HMDB35514
(16 or 17)-methylstearate (a19:0 or i19:0),,HMDB37397
N6-carbamoylthreonyladenosine,,HMDB41623
caffeic acid sulfate,,HMDB41708
dihydroferulic acid sulfate,,HMDB41724
ritalinic acid,,HMDB42008
perfluorooctanoate (PFOA),,HMDB59587
catechol sulfate,,HMDB59724
N-acetyl-2-aminooctanoate*,,HMDB59745
picolinoylglycine,,HMDB59766
phenylacetylglutamate,,HMDB59772
guaiacol sulfate,,HMDB60013
phenol glucuronide,,HMDB60014
vanillic acid glycine,,HMDB60026
10-heptadecenoate (17:1n7),,HMDB60038
carboxyibuprofen,,HMDB60564
carboxyibuprofen glucuronide*,,HMDB60564
alpha-hydroxymetoprolol,,HMDB60994
O-desmethyltramadol,,HMDB60997
N-desmethyl tramadol,,HMDB61007
3-carboxy-4-methyl-5-propyl-2-furanpropanoate (CMPF),,HMDB61112
2-aminophenol sulfate,,HMDB61116
"N,O-didesmethylvenlafaxine glucuronide",,HMDB61167
3-hydroxydecanoylcarnitine,,HMDB61636
9-hydroxystearate,,HMDB61661
adipoylcarnitine (C6-DC),,HMDB61677
N-acetylisoleucine,,HMDB61684
6-oxopiperidine-2-carboxylate,,HMDB61705
"glutamate, gamma-methyl ester",,HMDB61715
succinylcarnitine (C4-DC),,HMDB61717
N-acetylthreonine,,HMDB62557
(12 or 13)-methylmyristate (a15:0 or i15:0),,
(14 or 15)-methylpalmitate (a17:0 or i17:0),,
(2 or 3)-decenoate (10:1n7 or n8),,
"(2,4 or 2,5)-dimethylphenol sulfate",,
(2-butoxyethoxy)acetic acid,,
(N(1) + N(8))-acetylspermidine,,
(S)-3-hydroxybutyrylcarnitine,,
"1,2,3-benzenetriol sulfate (2)",,
1-carboxyethylisoleucine,,
1-carboxyethylleucine,,
1-carboxyethylphenylalanine,,
1-carboxyethyltyrosine,,
1-carboxyethylvaline,,
1-linoleoyl-GPG (18:2)*,,
1-oleoyl-GPG (18:1)*,,
1-palmitoyl-GPG (16:0)*,,
1-stearoyl-2-docosahexaenoyl-GPS (18:0/22:6)*,,
1-stearoyl-GPG (18:0),,
10-hydroxywarfarin,,
11-ketoetiocholanolone glucuronide,,
11beta-hydroxyandrosterone glucuronide,,
13-HODE + 9-HODE,,
16a-hydroxy DHEA 3-sulfate,,
17alpha-hydroxypregnanolone glucuronide,,
1H-indole-7-acetic acid,,
2'-O-methylcytidine,,
2'-O-methyluridine,,
"2,3-dihydroxy-5-methylthio-4-pentenoate (DMTPA)*",,
"2,3-dihydroxypyridine",,
2-acetamidophenol sulfate,,
2-aminoheptanoate,,
2-ethylphenylsulfate,,
2-hydroxy-4-(methylthio)butanoic acid,,
2-hydroxyacetaminophen sulfate*,,
2-hydroxyarachidate*,,
2-hydroxybutyrate/2-hydroxyisobutyrate,,
2-hydroxydecanoate,,
2-hydroxyfluorene sulfate,,
2-hydroxylaurate,,
2-methoxyacetaminophen glucuronide*,,
2-methoxyacetaminophen sulfate*,,
2-methoxyhydroquinone sulfate (1),,
2-methoxyhydroquinone sulfate (2),,
2-methoxyresorcinol sulfate,,
2-methylcitrate/homocitrate,,
2-naphthol sulfate,,
2-O-methylascorbic acid,,
21-hydroxypregnenolone disulfate,,
"3,4-dihydroxybutyrate",,
"3,5-dichloro-2,6-dihydroxybenzoic acid",,
3-(3-amino-3-carboxypropyl)uridine*,,
3-(3-hydroxyphenyl)propionate sulfate,,
3-(cystein-S-yl)acetaminophen*,,
3-(methylthio)acetaminophen sulfate*,,
3-(N-acetyl-L-cystein-S-yl) acetaminophen,,
3-acetylphenol sulfate,,
"3-bromo-5-chloro-2,6-dihydroxybenzoic acid*",,
3-carboxy-4-methyl-5-pentyl-2-furanpropionate (3-CMPFP),,
3-decenoylcarnitine,,
3-ethylcatechol sulfate (1),,
3-ethylcatechol sulfate (2),,
3-hydroxy-2-methylpyridine sulfate,,
3-hydroxybutyroylglycine,,
3-hydroxyhexanoate,,
3-hydroxyhexanoylcarnitine (1),,
3-hydroxyhippurate sulfate,,
3-hydroxymyristate,,
3-hydroxyoleoylcarnitine,,
3-hydroxypyridine glucuronide,,
3-hydroxypyridine sulfate,,
3-hydroxystachydrine*,,
3-hydroxystearate,,
3-indoleglyoxylic acid,,
3-methoxycatechol sulfate (1),,
3-methoxycatechol sulfate (2),,
3-methoxytyramine sulfate,,
3-methyl catechol sulfate (1),,
3-methyl catechol sulfate (2),,
3-methylcytidine,,
3-methylglutarate/2-methylglutarate,,
4-acetylcatechol sulfate (1),,
4-acetylphenyl sulfate,,
4-allylcatechol sulfate,,
4-allylphenol sulfate,,
4-chlorobenzoic acid,,
4-ethylcatechol sulfate,,
4-hydroxychlorothalonil,,
4-hydroxyphenylacetatoylcarnitine,,
4-hydroxyphenylacetylglutamine,,
4-methoxyphenol sulfate,,
4-methylcatechol sulfate,,
4-methylguaiacol sulfate,,
4-methylhexanoylglutamine,,
4-methylnonanoylcarnitine,,
4-vinylguaiacol sulfate,,
"5,6-dihydrouridine",,
5-(galactosylhydroxy)-L-lysine,,
5-hydroxy-2-methylpyridine sulfate,,
5-hydroxymethyl-2-furoylcarnitine*,,
"5alpha-androstan-3alpha,17alpha-diol monosulfate",,
"5alpha-androstan-3alpha,17beta-diol 17-glucuronide",,
"5alpha-androstan-3alpha,17beta-diol disulfate",,
"5alpha-androstan-3alpha,17beta-diol monosulfate (1)",,
"5alpha-androstan-3alpha,17beta-diol monosulfate (2)",,
"5alpha-androstan-3beta,17alpha-diol disulfate",,
"5alpha-androstan-3beta,17beta-diol monosulfate (2)",,
"5alpha-pregnan-3beta,20alpha-diol disulfate",,
"5alpha-pregnan-3beta,20alpha-diol monosulfate (2)",,
"5alpha-pregnan-3beta,20beta-diol monosulfate (1)",,
5alpha-pregnan-diol disulfate,,
6-bromotryptophan,,
6-hydroxyindole sulfate,,
6-hydroxywarfarin,,
7-hydroxyindole sulfate,,
7-hydroxywarfarin,,
acisoga,,
aconitate [cis or trans],,
adrenoylcarnitine (C22:4)*,,
allopurinol,,
allopurinol riboside,,
alpha-ketoglutaramate*,,
andro steroid monosulfate C19H28O6S (1)*,,
"androstenediol (3alpha, 17alpha) monosulfate (2)",,
"androstenediol (3alpha, 17alpha) monosulfate (3)",,
"androstenediol (3beta,17beta) disulfate (2)",,
"androstenediol (3beta,17beta) monosulfate (2)",,
arabitol/xylitol,,
arabonate/xylonate,,
arachidonoylcarnitine (C20:4),,
arachidonoylcholine,,
ascorbic acid 2-sulfate,,
ascorbic acid 3-sulfate*,,
behenoylcarnitine (C22)*,,
benzoylcarnitine*,,
beta-hydroxyisovaleroylcarnitine,,
"bilirubin (E,E)*",,
branched chain 14:0 dicarboxylic acid,,
"branched-chain, straight-chain, or cyclopropyl 10:1 fatty acid (1)*",,
"branched-chain, straight-chain, or cyclopropyl 10:1 fatty acid (2)*",,
"branched-chain, straight-chain, or cyclopropyl 12:1 fatty acid*",,
C-glycosyltryptophan,,
carotene diol (1),,
carotene diol (2),,
carotene diol (3),,
catechol glucuronide,,
cis-4-decenoate (10:1n6)*,,
cis-4-decenoylcarnitine (C10:1),,
citraconate/glutaconate,,
cortolone glucuronide (1),,
"cys-gly, oxidized",,
decadienedioic acid (C10:2-DC),,
deoxycholic acid 12-sulfate*,,
deoxycholic acid glucuronide,,
didesmethylcitalopram*,,
dihomo-linolenoyl-choline,,
dihomo-linolenoylcarnitine (C20:3n3 or 6)*,,
dihomo-linoleoylcarnitine (C20:2)*,,
dihydrocaffeate sulfate (2),,
dihydroferulate,,
docosahexaenoylcarnitine (C22:6)*,,
docosahexaenoylcholine,,
docosapentaenoylcarnitine (C22:5n3)*,,
docosatrienoate (22:3n6)*,,
dodecadienoate (12:2)*,,
dodecenedioate (C12:1-DC)*,,
doxycycline,,
eicosanedioate (C20-DC),,
eicosapentaenoylcholine,,
eicosenoylcarnitine (C20:1)*,,
epiandrosterone sulfate,,
erucoylcarnitine (C22:1)*,,
ethyl alpha-glucopyranoside,,
ethyl beta-glucopyranoside,,
eugenol sulfate,,
fructosyllysine,,
gamma-glutamyl-2-aminobutyrate,,
gamma-glutamyl-alpha-lysine,,
gamma-glutamylcitrulline*,,
gamma-glutamylhistidine,,
gamma-tocopherol/beta-tocopherol,,
genistein sulfate*,,
GlcNAc sulfate conjugate of C21H34O2 steroid,,
glucuronide of C10H18O2 (1)*,,
glucuronide of C10H18O2 (7)*,,
glucuronide of C10H18O2 (8)*,,
glucuronide of C12H22O4 (1)*,,
glucuronide of C12H22O4 (2)*,,
glucuronide of C14H26O4 (1)*,,
glucuronide of piperine metabolite C17H21NO3 (3)*,,
glucuronide of piperine metabolite C17H21NO3 (4)*,,
glucuronide of piperine metabolite C17H21NO3 (5)*,,
glutamine conjugate of C6H10O2 (1)*,,
glutamine conjugate of C6H10O2 (2)*,,
glutamine conjugate of C7H12O2*,,
glycine conjugate of C10H12O2*,,
glycine conjugate of C10H14O2 (1)*,,
glyco-beta-muricholate,,
glycochenodeoxycholate 3-sulfate,,
glycochenodeoxycholate glucuronide (1),,
glycocholenate sulfate*,,
glycodeoxycholate 3-sulfate,,
glycohyocholate,,
glycoursodeoxycholic acid sulfate (1),,
heneicosapentaenoate (21:5n3),,
heptenedioate (C7:1-DC)*,,
hexadecasphingosine (d16:1)*,,
hexadecenedioate (C16:1-DC)*,,
hexanoylglutamine,,
histidine betaine (hercynine)*,,
hydroxy-CMPF*,,
"hydroxy-N6,N6,N6-trimethyllysine*",,
ibuprofen acyl glucuronide,,
indoleacetoylcarnitine*,,
isocitric lactone,,
isoeugenol sulfate,,
lactobacillic acid,,
lanthionine,,
leucine,,
levulinoylcarnitine,,
lignoceroylcarnitine (C24)*,,
linolenoylcarnitine (C18:3)*,,
linoleoylcholine*,,
lithocholate sulfate (1),,
losartan,,
m-tyramine sulfate,,
maltol sulfate,,
mannonate*,,
metabolonic lactone sulfate,,
methionine sulfone,,
methyl glucopyranoside (alpha + beta),,
methyl vanillate sulfate,,
methyl-4-hydroxybenzoate sulfate,,
methylsuccinoylcarnitine,,
metoprolol acid metabolite*,,
myristoleoylcarnitine (C14:1)*,,
"N,N,N-trimethyl-5-aminovalerate",,
"N,N,N-trimethyl-alanylproline betaine (TMAP)",,
"N,N-dimethyl-5-aminovalerate",,
"N,N-dimethylalanine",,
N-acetyl-1-methylhistidine*,,
N-acetyl-3-methylhistidine*,,
N-acetyl-isoputreanine,,
N-acetyl-S-allyl-L-cysteine,,
N-acetylalliin,,
N-acetylglucosamine/N-acetylgalactosamine,,
N-acetylkynurenine (2),,
N-acetylproline,,
N-acetyltaurine,,
N-acetyltheanine,,
N-carbamoylalanine,,
N-delta-acetylornithine,,
N-formylphenylalanine,,
N-methylhydroxyproline,,
N-methylpipecolate,,
N-methylproline,,
N-methyltaurine,,
N-oleoylserine,,
N-oleoyltaurine,,
N-palmitoylserine,,
N-stearoylserine*,,
N-stearoyltaurine,,
"N2,N5-diacetylornithine",,
"N2-acetyl,N6,N6-dimethyllysine",,
"N2-acetyl,N6-methyllysine",,
N6-carboxymethyllysine,,
nervonoylcarnitine (C24:1)*,,
nornicotine,,
o-cresol sulfate,,
O-desmethyltramadol glucuronide,,
O-sulfo-L-tyrosine,,
octadecadienedioate (C18:2-DC)*,,
octadecanedioylcarnitine (C18-DC)*,,
octadecenedioate (C18:1-DC),,
octadecenedioylcarnitine (C18:1-DC)*,,
oleate/vaccenate (18:1),,
oleoylcholine,,
palmitoleoylcarnitine (C16:1)*,,
palmitoloelycholine,,
palmitoyl-sphingosine-phosphoethanolamine (d18:1/16:0),,
palmitoylcholine,,
pentose acid*,,
phenylacetylcarnitine,,
pimeloylcarnitine/3-methyladipoylcarnitine (C7-DC),,
pregnen-diol disulfate*,,
pregnenediol sulfate (C21H34O5S)*,,
pregnenetriol disulfate*,,
pregnenetriol sulfate*,,
propyl 4-hydroxybenzoate sulfate,,
pyroglutamine*,,
ribulonate/xylulonate/lyxonate*,,
S-(3-hydroxypropyl)mercapturic acid (HPMA),,
salicyluric glucuronide*,,
solifenacin,,
sphingadienine,,
stearoylcholine*,,
suberoylcarnitine (C8-DC),,
succinoyltaurine,,
sulfate of piperine metabolite C16H19NO3 (2)*,,
sulfate of piperine metabolite C16H19NO3 (3)*,,
sulfate of piperine metabolite C18H21NO3 (1)*,,
sulfate of piperine metabolite C18H21NO3 (3)*,,
syringol sulfate,,
taurocholenate sulfate*,,
taurodeoxycholic acid 3-sulfate,,
taurohyocholate*,,
tetradecadienedioate (C14:2-DC)*,,
THC carboxylic acid,,
THC carboxylic acid glucuronide,,
thioproline,,
trans-2-hexenoylglycine,,
"trans-3,4-methyleneheptanoate",,
tridecenedioate (C13:1-DC)*,,
umbelliferone sulfate,,
undecenoylcarnitine (C11:1),,
vanillic alcohol sulfate,,
ximenoylcarnitine (C26:1)*,,
zolpidem,,
X - 07765,,
X - 10458,,
"X - 11261 - retired for cis-3,4-methyleneheptanoyl carnitine",,
X - 11299,,
X - 11308,,
X - 11315,,
X - 11381,,
X - 11441,,
X - 11442,,
X - 11444,,
X - 11470,,
X - 11478,,
X - 11483,,
X - 11522,,
X - 11530,,
X - 11632,,
X - 11787,,
X - 11795,,
X - 11843,,
X - 11847,,
X - 11849,,
X - 11850,,
X - 11852,,
X - 11858,,
X - 11880,,
X - 11979,,
X - 12007,,
X - 12013,,
X - 12015,,
X - 12026,,
X - 12100,,
X - 12101,,
X - 12104,,
X - 12111,,
X - 12112,,
X - 12117,,
X - 12126,,
X - 12127,,
X - 12193,,
X - 12216,,
X - 12221,,
X - 12261,,
X - 12283,,
X - 12306,,
X - 12407,,
X - 12410,,
X - 12411,,
X - 12462,,
"X - 12524 - retired for 2,4-di-tert-butylphenol",,
X - 12544,,
X - 12680,,
X - 12701,,
X - 12707,,
X - 12714,,
X - 12718,,
X - 12726,,
X - 12729,,
X - 12730,,
X - 12731,,
X - 12738,,
X - 12740,,
X - 12798,,
X - 12812,,
X - 12816,,
X - 12818,,
X - 12822,,
X - 12844,,
X - 12847,,
X - 12849,,
X - 12906,,
X - 13431,,
X - 13507,,
X - 13553,,
X - 13684,,
X - 13695,,
X - 13723,,
X - 13728,,
X - 13729,,
X - 13835,,
X - 13844,,
X - 13846,,
X - 13866,,
X - 14056,,
X - 14082,,
X - 14939,,
X - 15220,,
X - 15461,,
X - 15469 - retired for 3-hydroxyoctanoylcarnitine (1),,
X - 15486,,
X - 15492,,
X - 15503,,
X - 15666,,
X - 15674,,
X - 15728,,
X - 16087,,
X - 16124,,
X - 16397,,
"X - 16570 - retired for cis-3,4-methyleneheptanoyl glycine",,
X - 16576,,
X - 16580,,
X - 16935,,
X - 16938,,
"X - 16944 - retired for cis-3,4-methyleneheptanoic acid",,
X - 16946,,
X - 16964,,
X - 17010,,
X - 17162,,
X - 17185,,
X - 17301,,
X - 17325,,
X - 17328,,
X - 17335,,
X - 17340,,
X - 17343,,
X - 17346,,
X - 17351,,
X - 17353,,
X - 17354,,
X - 17357,,
X - 17361,,
X - 17367,,
X - 17438,,
X - 17612,,
X - 17653,,
X - 17654,,
X - 17655,,
X - 17676,,
X - 17685,,
X - 17686,,
X - 17690,,
X - 17692,,
X - 18240,,
X - 18345,,
X - 18779,,
X - 18886,,
X - 18887,,
X - 18888,,
X - 18901,,
X - 18913,,
X - 18921,,
X - 18922,,
X - 19141,,
X - 19183,,
X - 19438,,
X - 21258,,
X - 21285,,
X - 21286,,
X - 21310,,
X - 21312,,
X - 21319,,
X - 21339,,
X - 21342,,
X - 21353,,
X - 21364,,
X - 21383,,
X - 21410,,
X - 21441,,
X - 21442,,
X - 21448,,
X - 21467,,
X - 21470,,
X - 21471,,
X - 21607,,
X - 21733,,
X - 21736,,
X - 21740,,
X - 21742,,
X - 21752,,
X - 21796,,
X - 21803,,
X - 21807,,
X - 21815,,
X - 21821,,
X - 21829,,
X - 21830,,
X - 21834,,
X - 21842,,
X - 21959,,
X - 22162,,
X - 22508,,
X - 22509,,
X - 22519 - retired for 3-hydroxyoctanoylcarnitine (2),,
X - 22771,,
X - 22776,,
X - 23276,,
X - 23587,,
X - 23590 - retired for N-acetyl-L-2-aminoadipic acid,,
X - 23593,,
X - 23636,,
X - 23639,,
X - 23641,,
X - 23644,,
X - 23648,,
X - 23655,,
X - 23659,,
X - 23662,,
X - 23665,,
X - 23666,,
X - 23678,,
X - 23680,,
X - 23739,,
X - 23780,,
X - 23782,,
X - 23890,,
X - 23974,,
X - 23997,,
X - 24241,,
X - 24295,,
X - 24306,,
X - 24307,,
X - 24328,,
X - 24334,,
X - 24337,,
X - 24344,,
X - 24411,,
X - 24422,,
X - 24455,,
X - 24456,,
X - 24462,,
X - 24473,,
X - 24475,,
X - 24494,,
X - 24518,,
X - 24541,,
X - 24544,,
X - 24546,,
X - 24549,,
X - 24556,,
X - 24565,,
X - 24571,,
X - 24585,,
X - 24588,,
X - 24699,,
X - 24728,,
X - 24736,,
X - 24757,,
X - 24762,,
X - 24811,,
X - 24812,,
X - 24849,,
X - 24947,,
X - 24949,,
X - 24951,,
X - 24970,,
X - 25172,,
X - 25265,,
X - 25267,,
X - 25271,,
X - 25279,,
X - 25343,,
X - 25371,,
X - 25417,,
X - 25419,,
X - 25420,,
X - 25422,,
X - 25433,,
X - 25468,,
X - 25503,,
X - 25519,,
X - 25520,,
X - 25617,,
X - 25790,,
X - 25810,,
X - 25828,,
X - 25948,,
X - 25957,,
